type,id,attributes.form-id,attributes.input-name,attributes.display-status
form-fields,users.edit.first_name,users.edit,first_name,
form-fields,users.edit.last_name,users.edit,last_name,
form-fields,users.edit.address,users.edit,address,
form-fields,users.edit.email,users.edit,email,
form-fields,users.edit.phone_number,users.edit,phone_number,
form-fields,users.settings.is_account_rep,users.settings,is_account_rep,
form-fields,users.settings.requires_account_rep,users.settings,requires_account_rep,
form-fields,users.settings.is_account_admin,users.settings,is_account_admin,
form-fields,users.settings.is_active,users.settings,is_active,
form-fields,users.notifications.deadline_reminders,users.notifications,deadline_reminders,
form-fields,users.notifications.deadline_reminders_amount,users.notifications,deadline_reminders_amount,
form-fields,addresses.edit.id,addresses.edit,id,hidden
form-fields,addresses.edit.status,addresses.edit,status,hidden
form-fields,addresses.edit.street_address_1,addresses.edit,street_address_1,
form-fields,addresses.edit.street_address_2,addresses.edit,street_address_2,
form-fields,addresses.edit.zip,addresses.edit,zip,
form-fields,addresses.edit.city,addresses.edit,city,
form-fields,addresses.edit.state,addresses.edit,state,
form-fields,companies.preferences.print_customer_copy,companies.preferences,print_customer_copy,
form-fields,companies.preferences.attach_document_requests_to_invoice_deliveries,companies.preferences,attach_document_requests_to_invoice_deliveries,
form-fields,companies.preferences.receives_recorded_document_notifications,companies.preferences,receives_recorded_document_notifications,
form-fields,companies.request-settings.default_project_role_id,companies.request-settings,default_project_role_id,
form-fields,companies.request-settings.default_job_description,companies.request-settings,default_job_description,
form-fields,companies.request-settings.branch_number_required,companies.request-settings,branch_number_required,
form-fields,companies.request-settings.account_number_required,companies.request-settings,account_number_required,
form-fields,companies.request-settings.south_carolina_contractors_license_number,companies.request-settings,south_carolina_contractors_license_number,
form-fields,companies.request-settings.south_carolina_contractors_license_number_exempt,companies.request-settings,south_carolina_contractors_license_number_exempt,
form-fields,companies.account-settings.sales_agent_id,companies.account-settings,sales_agent_id,
form-fields,companies.account-settings.account_manager_id,companies.account-settings,account_manager_id,
form-fields,companies.account-settings.account_type_id,companies.account-settings,account_type_id,
form-fields,companies.account-settings.payment_term_id,companies.account-settings,payment_term_id,
form-fields,companies.account-settings.billing_cycle_id,companies.account-settings,billing_cycle_id,
form-fields,companies.account-settings.referral_source_id,companies.account-settings,referral_source_id,
form-fields,companies.account-settings.referral_source_details,companies.account-settings,referral_source_details,
form-fields,companies.account-settings.active,companies.account-settings,active,
form-fields,companies.account-settings.rate_includes_postage,companies.account-settings,rate_includes_postage,
form-fields,companies.account-settings.retain_representative_on_followup_requests,companies.account-settings,retain_representative_on_followup_requests,
form-fields,companies.account-settings.uses_attorney_services,companies.account-settings,uses_attorney_services,
form-fields,companies.contact-infos.name,companies.contact-infos,name,
form-fields,companies.contact-infos.parent_company_name,companies.contact-infos,parent_company_name,
form-fields,companies.contact-infos.primary_phone_number,companies.contact-infos,primary_phone_number,
form-fields,companies.contact-infos.fax_number,companies.contact-infos,fax_number,
form-fields,companies.contact-infos.alternate_phone_number,companies.contact-infos,alternate_phone_number,
form-fields,companies.contact-infos.physical_address,companies.contact-infos,physical_address,
form-fields,companies.contact-infos.billing_address,companies.contact-infos,billing_address,
form-fields,company-divisions.edit.name,company-divisions.edit,name,
form-fields,company-divisions.edit.address,company-divisions.edit,address,
form-fields,company-divisions.edit.account_manager_id,company-divisions.edit,account_manager_id,
form-fields,project-participants.edit.project_role_id,project-participants.edit,project_role_id,
form-fields,project-participants.edit.company_name,project-participants.edit,company_name,
form-fields,project-participants.edit.contact_name,project-participants.edit,contact_name,
form-fields,project-participants.edit.phone_number,project-participants.edit,phone_number,
form-fields,project-participants.edit.address,project-participants.edit,address,
form-fields,project-participants.edit.fax_number,project-participants.edit,fax_number,
form-fields,project-participants.edit.email,project-participants.edit,email,
form-fields,notaries.edit.name,notaries.edit,name,
form-fields,signors.edit.name,signors.edit,name,
form-fields,signors.edit.title,signors.edit,title,
form-fields,signors.edit.county,signors.edit,county,
form-fields,signors.edit.state_id,signors.edit,state_id,
form-fields,signors.edit.default_for_document_requests,signors.edit,default_for_document_requests,
form-fields,signors.edit.default_for_lien_releases,signors.edit,default_for_lien_releases,
form-fields,accounting-items.edit.rate,accounting-items.edit,rate,
form-fields,accounting-items.edit.request_type_id,accounting-items.edit,request_type_id,
form-fields,accounting-items.edit.state_request_type_id,accounting-items.edit,state_request_type_id,
form-fields,accounting-items.edit.state_id,accounting-items.edit,state_id,
form-fields,accounting-items.edit.rate_includes_postage,accounting-items.edit,rate_includes_postage,
form-fields,sunray-employees.edit.full_name,sunray-employees.edit,full_name,
form-fields,sunray-employees.edit.email,sunray-employees.edit,email,
form-fields,sunray-employees.edit.sunray_employee_role_id,sunray-employees.edit,sunray_employee_role_id,
form-fields,sunray-employees.account.is_active,sunray-employees.account,is_active,
form-fields,sunray-employees.account.salesagent,sunray-employees.account,salesagent,
form-fields,sunray-employees.account.representative,sunray-employees.account,representative,
form-fields,sunray-employees.account.remote_access_enabled,sunray-employees.account,remote_access_enabled,
form-fields,contact-list-members.edit-mailchimp.name,contact-list-members.edit-mailchimp,name,
form-fields,contact-list-members.edit-mailchimp.email,contact-list-members.edit-mailchimp,email,
form-fields,project-participant-assignments.edit.project_participant,project-participant-assignments.edit,project_participant,
form-fields,credit-card-payments.edit.number,credit-card-payments.edit,number,
form-fields,credit-card-payments.edit.cvv,credit-card-payments.edit,cvv,
form-fields,credit-card-payments.edit.month,credit-card-payments.edit,month,
form-fields,credit-card-payments.edit.year,credit-card-payments.edit,year,
form-fields,signors.edit.name,signors.edit,name,
form-fields,signors.edit.title,signors.edit,title,
form-fields,signors.edit.county,signors.edit,county,
form-fields,signors.edit.state_id,signors.edit,state_id,
form-fields,signors.edit.default_for_document_requests,signors.edit,default_for_document_requests,
form-fields,signors.edit.default_for_lien_releases,signors.edit,default_for_lien_releases,
form-fields,notaries.edit.name,notaries.edit,name,
form-fields,company-primary-contacts.edit.first_name,company-primary-contacts.edit,first_name,
form-fields,company-primary-contacts.edit.last_name,company-primary-contacts.edit,last_name,
form-fields,company-primary-contacts.edit.title,company-primary-contacts.edit,title,
form-fields,company-primary-contacts.edit.email,company-primary-contacts.edit,email,
form-fields,company-primary-contacts.edit.phone_number,company-primary-contacts.edit,phone_number,
form-fields,company-accounts-payable-contacts.edit.first_name,company-accounts-payable-contacts.edit,first_name,
form-fields,company-accounts-payable-contacts.edit.last_name,company-accounts-payable-contacts.edit,last_name,
form-fields,company-accounts-payable-contacts.edit.email,company-accounts-payable-contacts.edit,email,
form-fields,company-accounts-payable-contacts.edit.phone_number,company-accounts-payable-contacts.edit,phone_number,
